﻿Designator,Footprint,Quantity,Value,LCSC Part #
"C1, C13, C15, C16, C19, C2, C20, C21, C3, C4, C5, C6, C7, C8, C9",0603,15,100n,
"C10, C14",0603,2,2u2,
J1,BUS_PCIexpress_x4,1,HUSKEY_EDGE_CONNECTOR,
"J10, J11, J12, J5, J6, J7, J8, J9",PinHeader_1x01_P1.27mm_Vertical,8,Conn_01x01,
"J13, J4",PinHeader_1x02_P1.27mm_Vertical,2,Conn_01x02_Pin,
J2,USB_C_Receptacle_G-Switch_GT-USB-7010ASV,1,USB_C_Receptacle_USB2.0_16P,
J3,PinHeader_1x04_P2.54mm_Vertical,1,Conn_01x04_Pin,
"R1, R2",0603,2,5.11k,
"R10, R4",0603,2,10,
R11,0603,1,3k3,
R12,0603,1,5k6,
"R13, R6",0603,2,0,
R3,0603,1,1M,
R5,0603,1,DNF,
R7,0603,1,1k,
"R8, R9",0603,2,27,
U1,RP2350-QFN-60-1EP_7x7_P0.4mm_EP3.4x3.4mm_ThermalVias,1,RP2350_60QFN,
U2,SOIC-8_5.3x5.3mm_P1.27mm,1,W25Q128JVS,
